age,sex,cp,trestbps,chol,fbs,restecg,thalach,exang,oldpeak,slope,ca,thal,target
52.0001,1,0,125,212,0,1,168,0,1,2,2,3,0
53.0002,1,0,140,203,1,0,155,1,3.1,0,0,3,0
70.0003,1,0,145,174,0,1,125,1,2.6,0,0,3,0
61.0004,1,0,148,203,0,1,161,0,0,2,1,3,0
62.0005,0,0,138,294,1,1,106,0,1.9,1,3,2,0
58.0006,0,0,100,248,0,0,122,0,1,1,0,2,1
58.0007,1,0,114,318,0,2,140,0,4.4,0,3,1,0
55.0008,1,0,160,289,0,0,145,1,0.8,1,1,3,0
46.0009,1,0,120,249,0,0,144,0,0.8,2,0,3,0
54.001,1,0,122,286,0,0,116,1,3.2,1,2,2,0
71,0,0,112,149,0,1,125,0,1.6,1,0,2,1
43.0012,0,0,132,341,1,0,136,1,3,1,0,3,0
34.0013,0,1,118,210,0,1,192,0,0.7,2,0,2,1
51.0014,1,0,140,298,0,1,122,1,4.2,1,3,3,0
52.0015,1,0,128,204,1,1,156,1,1,1,0,0,0
34.0116,0,1,118,210,0,1,192,0,0.7,2,0,2,1
51.0017,0,2,140,308,0,0,142,0,1.5,2,1,2,1
54.0018,1,0,124,266,0,0,109,1,2.2,1,1,3,0
50.0019,0,1,120,244,0,1,162,0,1.1,2,0,2,1
58.002,1,2,140,211,1,0,165,0,0,2,0,2,1
60.0021,1,2,140,185,0,0,155,0,3,1,0,2,0
67.0022,0,0,106,223,0,1,142,0,0.3,2,2,2,1
45.0023,1,0,104,208,0,0,148,1,3,1,0,2,1
63.0024,0,2,135,252,0,0,172,0,0,2,0,2,1
42.0025,0,2,120,209,0,1,173,0,0,1,0,2,1
61.0026,0,0,145,307,0,0,146,1,1,1,0,3,0
44.0027,1,2,130,233,0,1,179,1,0.4,2,0,2,1
58.0028,0,1,136,319,1,0,152,0,0,2,2,2,0
56.0029,1,2,130,256,1,0,142,1,0.6,1,1,1,0
55.003,0,0,180,327,0,2,117,1,3.4,1,0,2,0
44.0031,1,0,120,169,0,1,144,1,2.8,0,0,1,0
50.0032,0,1,120,244,0,1,162,0,1.1,2,0,2,1
57.0033,1,0,130,131,0,1,115,1,1.2,1,1,3,0
70.0034,1,2,160,269,0,1,112,1,2.9,1,1,3,0
50.0035,1,2,129,196,0,1,163,0,0,2,0,2,1
46.0036,1,2,150,231,0,1,147,0,3.6,1,0,2,0
51.0037,1,3,125,213,0,0,125,1,1.4,2,1,2,1
59.0038,1,0,138,271,0,0,182,0,0,2,0,2,1
64.0039,1,0,128,263,0,1,105,1,0.2,1,1,3,1
57.004,1,2,128,229,0,0,150,0,0.4,1,1,3,0
65.0041,0,2,160,360,0,0,151,0,0.8,2,0,2,1
54.0042,1,2,120,258,0,0,147,0,0.4,1,0,3,1
61.0043,0,0,130,330,0,0,169,0,0,2,0,2,0
46.0044,1,0,120,249,0,0,144,0,0.8,2,0,3,0
55.0045,0,1,132,342,0,1,166,0,1.2,2,0,2,1
42.0046,1,0,140,226,0,1,178,0,0,2,0,2,1
41.0047,1,1,135,203,0,1,132,0,0,1,0,1,1
66.0048,0,0,178,228,1,1,165,1,1,1,2,3,0
66.0049,0,2,146,278,0,0,152,0,0,1,1,2,1
60.005,1,0,117,230,1,1,160,1,1.4,2,2,3,0
58.0051,0,3,150,283,1,0,162,0,1,2,0,2,1
57.0052,0,0,140,241,0,1,123,1,0.2,1,0,3,0
38.0453,1,2,138,175,0,1,173,0,0,2,4,2,1
55.0054,1,0,140,217,0,1,111,1,5.6,0,0,3,0
55.0055,1,0,140,217,0,1,111,1,5.6,0,0,3,0
56.0056,1,3,120,193,0,0,162,0,1.9,1,0,3,1
48.0057,1,1,130,245,0,0,180,0,0.2,1,0,2,1
67.0058,1,2,152,212,0,0,150,0,0.8,1,0,3,0
57.0059,1,1,154,232,0,0,164,0,0,2,1,2,0
29,1,1,130,204,0,0,202,0,0,2,0,2,1
66.0061,0,2,146,278,0,0,152,0,0,1,1,2,1
67.0062,1,0,100,299,0,0,125,1,0.9,1,2,2,0
59.0063,1,2,150,212,1,1,157,0,1.6,2,0,2,1
29.0164,1,1,130,204,0,0,202,0,0,2,0,2,1
59.0065,1,3,170,288,0,0,159,0,0.2,1,0,3,0
53.0066,1,2,130,197,1,0,152,0,1.2,0,0,2,1
42.0067,1,0,136,315,0,1,125,1,1.8,1,0,1,0
37.0068,0,2,120,215,0,1,170,0,0,2,0,2,1
62.0069,0,0,160,164,0,0,145,0,6.2,0,3,3,0
59.007,1,0,170,326,0,0,140,1,3.4,0,0,3,0
61.0071,1,0,140,207,0,0,138,1,1.9,2,1,3,0
56.0072,1,0,125,249,1,0,144,1,1.2,1,1,2,0
59.0073,1,0,140,177,0,1,162,1,0,2,1,3,0
48.0074,1,0,130,256,1,0,150,1,0,2,2,3,0
47.0075,1,2,138,257,0,0,156,0,0,2,0,2,1
48.0076,1,2,124,255,1,1,175,0,0,2,2,2,1
63.0077,1,0,140,187,0,0,144,1,4,2,2,3,0
52.0078,1,1,134,201,0,1,158,0,0.8,2,1,2,1
52.0079,1,1,134,201,0,1,158,0,0.8,2,1,2,1
50.008,1,2,140,233,0,1,163,0,0.6,1,1,3,0
49.0081,1,2,118,149,0,0,126,0,0.8,2,3,2,0
46.0082,1,2,150,231,0,1,147,0,3.6,1,0,2,0
38.0583,1,2,138,175,0,1,173,0,0,2,4,2,1
37.0184,0,2,120,215,0,1,170,0,0,2,0,2,1
44.0085,1,1,120,220,0,1,170,0,0,2,0,2,1
58.0086,1,2,140,211,1,0,165,0,0,2,0,2,1
59.0087,0,0,174,249,0,1,143,1,0,1,0,2,0
62.0088,0,0,140,268,0,0,160,0,3.6,0,2,2,0
68.0089,1,0,144,193,1,1,141,0,3.4,1,2,3,0
54.009,0,2,108,267,0,0,167,0,0,2,0,2,1
62.0091,0,0,124,209,0,1,163,0,0,2,0,2,1
63.0092,1,0,140,187,0,0,144,1,4,2,2,3,0
44.0093,1,0,120,169,0,1,144,1,2.8,0,0,1,0
62.0094,1,1,128,208,1,0,140,0,0,2,0,2,1
45.0095,0,0,138,236,0,0,152,1,0.2,1,0,2,1
57.0096,0,0,128,303,0,0,159,0,0,2,1,2,1
53.0097,1,0,123,282,0,1,95,1,2,1,2,3,0
65.0098,1,0,110,248,0,0,158,0,0.6,2,2,1,0
76.0099,0,2,140,197,0,2,116,0,1.1,1,0,2,1
43.01,0,2,122,213,0,1,165,0,0.2,1,0,2,1
57.0101,1,2,150,126,1,1,173,0,0.2,2,1,3,1
54.0102,1,1,108,309,0,1,156,0,0,2,0,3,1
47.0103,1,2,138,257,0,0,156,0,0,2,0,2,1
52.0104,1,3,118,186,0,0,190,0,0,1,0,1,1
47,1,0,110,275,0,0,118,1,1,1,1,2,0
51.0106,1,0,140,299,0,1,173,1,1.6,2,0,3,0
62.0107,1,1,120,281,0,0,103,0,1.4,1,1,3,0
40.0108,1,0,152,223,0,1,181,0,0,2,0,3,0
54.0109,1,0,110,206,0,0,108,1,0,1,1,2,0
44.011,1,0,110,197,0,0,177,0,0,2,1,2,0
53.0111,1,0,142,226,0,0,111,1,0,2,0,3,1
48.0112,1,0,130,256,1,0,150,1,0,2,2,3,0
57.0113,1,0,110,335,0,1,143,1,3,1,1,3,0
59.0114,1,2,126,218,1,1,134,0,2.2,1,1,1,0
61.0115,0,0,145,307,0,0,146,1,1,1,0,3,0
63.0116,1,0,130,254,0,0,147,0,1.4,1,1,3,0
43.0117,1,0,120,177,0,0,120,1,2.5,1,0,3,0
29.0318,1,1,130,204,0,0,202,0,0,2,0,2,1
42.0119,1,1,120,295,0,1,162,0,0,2,0,2,1
54.012,1,1,108,309,0,1,156,0,0,2,0,3,1
44.0121,1,0,120,169,0,1,144,1,2.8,0,0,1,0
60.0122,1,0,145,282,0,0,142,1,2.8,1,2,3,0
65.0123,0,2,140,417,1,0,157,0,0.8,2,1,2,1
61,1,0,120,260,0,1,140,1,3.6,1,1,3,0
60.0125,0,3,150,240,0,1,171,0,0.9,2,0,2,1
66.0126,1,0,120,302,0,0,151,0,0.4,1,0,2,1
53.0127,1,2,130,197,1,0,152,0,1.2,0,0,2,1
52.0128,1,2,138,223,0,1,169,0,0,2,4,2,1
57.0129,1,0,140,192,0,1,148,0,0.4,1,0,1,1
60.013,0,3,150,240,0,1,171,0,0.9,2,0,2,1
51.0131,0,2,130,256,0,0,149,0,0.5,2,0,2,1
41.0132,1,1,135,203,0,1,132,0,0,1,0,1,1
50.0133,1,2,129,196,0,1,163,0,0,2,0,2,1
54.0134,1,1,108,309,0,1,156,0,0,2,0,3,1
58.0135,0,0,170,225,1,0,146,1,2.8,1,2,1,0
55.0136,0,1,132,342,0,1,166,0,1.2,2,0,2,1
64.0137,0,0,180,325,0,1,154,1,0,2,0,2,1
47.0138,1,2,138,257,0,0,156,0,0,2,0,2,1
41.0139,1,1,110,235,0,1,153,0,0,2,0,2,1
57.014,1,0,152,274,0,1,88,1,1.2,1,1,3,0
63.0141,0,0,124,197,0,1,136,1,0,1,0,2,0
61.0142,1,3,134,234,0,1,145,0,2.6,1,2,2,0
34.0343,1,3,118,182,0,0,174,0,0,2,0,2,1
47.0144,1,0,112,204,0,1,143,0,0.1,2,0,2,1
40.0145,1,0,110,167,0,0,114,1,2,1,0,3,0
51.0146,0,2,120,295,0,0,157,0,0.6,2,0,2,1
41.0147,1,0,110,172,0,0,158,0,0,2,0,3,0
52.0148,1,3,152,298,1,1,178,0,1.2,1,0,3,1
39.0149,1,2,140,321,0,0,182,0,0,2,0,2,1
58.015,1,0,114,318,0,2,140,0,4.4,0,3,1,0
54.0151,1,1,192,283,0,0,195,0,0,2,1,3,0
58.0152,1,0,125,300,0,0,171,0,0,2,2,3,0
63.0153,1,0,130,330,1,0,132,1,1.8,2,3,3,0
54.0154,1,1,108,309,0,1,156,0,0,2,0,3,1
40.0155,1,3,140,199,0,1,178,1,1.4,2,0,3,1
54.0156,1,2,120,258,0,0,147,0,0.4,1,0,3,1
67.0157,0,2,115,564,0,0,160,0,1.6,1,0,3,1
41.0158,1,1,120,157,0,1,182,0,0,2,0,2,1
77.0159,1,0,125,304,0,0,162,1,0,2,3,2,0
51.016,1,2,100,222,0,1,143,1,1.2,1,0,2,1
77.0161,1,0,125,304,0,0,162,1,0,2,3,2,0
48.0162,1,0,124,274,0,0,166,0,0.5,1,0,3,0
56.0163,1,0,125,249,1,0,144,1,1.2,1,1,2,0
59.0164,1,0,170,326,0,0,140,1,3.4,0,0,3,0
56.0165,1,0,132,184,0,0,105,1,2.1,1,1,1,0
57.0166,0,0,120,354,0,1,163,1,0.6,2,0,2,1
43.0167,1,2,130,315,0,1,162,0,1.9,2,1,2,1
45.0168,0,1,112,160,0,1,138,0,0,1,0,2,1
43.0169,1,0,150,247,0,1,171,0,1.5,2,0,2,1
56.017,1,0,130,283,1,0,103,1,1.6,0,0,3,0
56.0171,1,1,120,240,0,1,169,0,0,0,0,2,1
39.0172,0,2,94,199,0,1,179,0,0,2,0,2,1
54,1,0,110,239,0,1,126,1,2.8,1,1,3,0
56.0174,0,0,200,288,1,0,133,1,4,0,2,3,0
56.0175,1,0,130,283,1,0,103,1,1.6,0,0,3,0
64.0176,1,0,120,246,0,0,96,1,2.2,0,1,2,0
44.0177,1,0,110,197,0,0,177,0,0,2,1,2,0
56.0178,0,0,134,409,0,0,150,1,1.9,1,2,3,0
63.0179,1,0,140,187,0,0,144,1,4,2,2,3,0
64.018,1,3,110,211,0,0,144,1,1.8,1,0,2,1
60.0181,1,0,140,293,0,0,170,0,1.2,1,2,3,0
42.0182,1,2,130,180,0,1,150,0,0,2,0,2,1
45.0183,1,1,128,308,0,0,170,0,0,2,0,2,1
57.0184,1,0,165,289,1,0,124,0,1,1,3,3,0
40.0185,1,0,110,167,0,0,114,1,2,1,0,3,0
56.0186,1,0,125,249,1,0,144,1,1.2,1,1,2,0
63.0187,1,0,130,254,0,0,147,0,1.4,1,1,3,0
64.0188,1,2,125,309,0,1,131,1,1.8,1,0,3,0
41.0189,1,2,112,250,0,1,179,0,0,2,0,2,1
56.019,1,1,130,221,0,0,163,0,0,2,0,3,1
67.0191,0,2,115,564,0,0,160,0,1.6,1,0,3,1
69.0192,1,3,160,234,1,0,131,0,0.1,1,1,2,1
67.0193,1,0,160,286,0,0,108,1,1.5,1,3,2,0
59.0194,1,2,150,212,1,1,157,0,1.6,2,0,2,1
58.0195,1,0,100,234,0,1,156,0,0.1,2,1,3,0
45.0196,1,0,115,260,0,0,185,0,0,2,0,2,1
60.0197,0,2,102,318,0,1,160,0,0,2,1,2,1
50.0198,1,0,144,200,0,0,126,1,0.9,1,0,3,0
62.0199,0,0,124,209,0,1,163,0,0,2,0,2,1
34.05,1,3,118,182,0,0,174,0,0,2,0,2,1
52.0201,1,3,152,298,1,1,178,0,1.2,1,0,3,1
64.0202,1,3,170,227,0,0,155,0,0.6,1,0,3,1
66.0203,0,2,146,278,0,0,152,0,0,1,1,2,1
42.0204,1,3,148,244,0,0,178,0,0.8,2,2,2,1
59.0205,1,2,126,218,1,1,134,0,2.2,1,1,1,0
41,1,2,112,250,0,1,179,0,0,2,0,2,1
38.0807,1,2,138,175,0,1,173,0,0,2,4,2,1
62.0208,1,1,120,281,0,0,103,0,1.4,1,1,3,0
42.0209,1,2,120,240,1,1,194,0,0.8,0,0,3,1
67.021,1,0,100,299,0,0,125,1,0.9,1,2,2,0
50.0211,1,0,150,243,0,0,128,0,2.6,1,0,3,0
43.0212,1,2,130,315,0,1,162,0,1.9,2,1,2,1
45.0213,1,1,128,308,0,0,170,0,0,2,0,2,1
49.0214,1,1,130,266,0,1,171,0,0.6,2,0,2,1
65.0215,1,0,135,254,0,0,127,0,2.8,1,1,3,0
41.0216,1,1,120,157,0,1,182,0,0,2,0,2,1
46.0217,1,0,140,311,0,1,120,1,1.8,1,2,3,0
54.0218,1,0,122,286,0,0,116,1,3.2,1,2,2,0
57.0219,0,1,130,236,0,0,174,0,0,1,1,2,0
63.022,1,0,130,254,0,0,147,0,1.4,1,1,3,0
64.0221,1,3,110,211,0,0,144,1,1.8,1,0,2,1
39.0322,0,2,94,199,0,1,179,0,0,2,0,2,1
51.0223,1,0,140,261,0,0,186,1,0,2,0,2,1
54.0224,1,2,150,232,0,0,165,0,1.6,2,0,3,1
49.0225,1,2,118,149,0,0,126,0,0.8,2,3,2,0
44.0226,0,2,118,242,0,1,149,0,0.3,1,1,2,1
52.0227,1,1,128,205,1,1,184,0,0,2,0,2,1
66.0228,0,0,178,228,1,1,165,1,1,1,2,3,0
58.0229,1,0,125,300,0,0,171,0,0,2,2,3,0
56.023,1,1,120,236,0,1,178,0,0.8,2,0,2,1
60.0231,1,0,125,258,0,0,141,1,2.8,1,1,3,0
41.0232,0,1,126,306,0,1,163,0,0,2,0,2,1
49.0233,0,0,130,269,0,1,163,0,0,2,0,2,1
64.0234,1,3,170,227,0,0,155,0,0.6,1,0,3,1
49.0235,1,2,118,149,0,0,126,0,0.8,2,3,2,0
57.0236,1,1,124,261,0,1,141,0,0.3,2,0,3,0
60.0237,1,0,117,230,1,1,160,1,1.4,2,2,3,0
62.0238,0,0,150,244,0,1,154,1,1.4,1,0,2,0
54.0239,0,1,132,288,1,0,159,1,0,2,1,2,1
67.024,1,2,152,212,0,0,150,0,0.8,1,0,3,0
38.0941,1,2,138,175,0,1,173,0,0,2,4,2,1
60.0242,1,2,140,185,0,0,155,0,3,1,0,2,0
51.0243,1,2,125,245,1,0,166,0,2.4,1,0,2,1
44.0244,1,1,130,219,0,0,188,0,0,2,0,2,1
54.0245,1,1,192,283,0,0,195,0,0,2,1,3,0
46.0246,1,0,140,311,0,1,120,1,1.8,1,2,3,0
39.0247,0,2,138,220,0,1,152,0,0,1,0,2,1
42.0248,1,2,130,180,0,1,150,0,0,2,0,2,1
47.0249,1,0,110,275,0,0,118,1,1,1,1,2,0
45.025,0,1,112,160,0,1,138,0,0,1,0,2,1
55.0251,1,0,132,353,0,1,132,1,1.2,1,1,3,0
35,1,0,120,198,0,1,130,1,1.6,1,0,3,0
62.0253,0,0,140,394,0,0,157,0,1.2,1,0,2,1
35.0254,0,0,138,183,0,1,182,0,1.4,2,0,2,1
64.0255,0,0,180,325,0,1,154,1,0,2,0,2,1
38.0256,1,3,120,231,0,1,182,1,3.8,1,0,3,0
66.0257,1,0,120,302,0,0,151,0,0.4,1,0,2,1
44.0258,1,2,120,226,0,1,169,0,0,2,0,2,1
54.0259,1,2,150,232,0,0,165,0,1.6,2,0,3,1
48.026,1,0,122,222,0,0,186,0,0,2,0,2,1
55.0261,0,1,132,342,0,1,166,0,1.2,2,0,2,1
58.0262,0,0,170,225,1,0,146,1,2.8,1,2,1,0
45.0263,1,0,104,208,0,0,148,1,3,1,0,2,1
53.0264,1,0,123,282,0,1,95,1,2,1,2,3,0
67.0265,1,0,120,237,0,1,71,0,1,1,0,2,0
58.0266,1,2,132,224,0,0,173,0,3.2,2,2,3,0
71.0267,0,2,110,265,1,0,130,0,0,2,1,2,1
43,1,0,110,211,0,1,161,0,0,2,0,3,1
44.0269,1,1,120,263,0,1,173,0,0,2,0,3,1
39.027,0,2,138,220,0,1,152,0,0,1,0,2,1
54.0271,1,0,110,206,0,0,108,1,0,1,1,2,0
66.0272,1,0,160,228,0,0,138,0,2.3,2,0,1,1
56.0273,1,0,130,283,1,0,103,1,1.6,0,0,3,0
57.0274,1,0,132,207,0,1,168,1,0,2,0,3,1
44.0275,1,1,130,219,0,0,188,0,0,2,0,2,1
55.0276,1,0,160,289,0,0,145,1,0.8,1,1,3,0
41.0277,0,1,105,198,0,1,168,0,0,2,1,2,1
45.0278,0,1,130,234,0,0,175,0,0.6,1,0,2,1
35.0279,1,1,122,192,0,1,174,0,0,2,0,2,1
41.028,0,1,130,204,0,0,172,0,1.4,2,0,2,1
64.0281,1,3,110,211,0,0,144,1,1.8,1,0,2,1
58.0282,1,2,132,224,0,0,173,0,3.2,2,2,3,0
71.0283,0,2,110,265,1,0,130,0,0,2,1,2,1
64.0284,0,2,140,313,0,1,133,0,0.2,2,0,3,1
71.0285,0,1,160,302,0,1,162,0,0.4,2,2,2,1
58.0286,0,2,120,340,0,1,172,0,0,2,0,2,1
40.0287,1,0,152,223,0,1,181,0,0,2,0,3,0
52.0288,1,2,138,223,0,1,169,0,0,2,4,2,1
58.0289,1,0,128,259,0,0,130,1,3,1,2,3,0
61.029,1,2,150,243,1,1,137,1,1,1,0,2,1
59.0291,1,2,150,212,1,1,157,0,1.6,2,0,2,1
56.0292,0,0,200,288,1,0,133,1,4,0,2,3,0
67.0293,1,0,100,299,0,0,125,1,0.9,1,2,2,0
67.0294,1,0,120,237,0,1,71,0,1,1,0,2,0
58.0295,1,0,150,270,0,0,111,1,0.8,2,0,3,0
43.0296,0,2,122,,0,1,165,0,0.2,1,0,2,1
35.0397,1,1,122,192,0,1,174,0,0,2,0,2,1
52.0298,1,1,120,325,0,1,172,0,0.2,2,0,2,1
46.0299,0,1,105,204,0,1,172,0,0,2,0,2,1
51.03,1,2,94,227,0,1,154,1,0,2,1,3,1
55.0301,0,1,132,342,0,1,166,0,1.2,2,0,2,1
60.0302,1,0,145,282,0,0,142,1,2.8,1,2,3,0
52.0303,0,2,136,196,0,0,169,0,0.1,1,0,2,1
62.0304,1,0,120,267,0,1,99,1,1.8,1,2,3,0
44.0305,0,2,118,242,0,1,149,0,0.3,1,1,2,1
44.0306,1,1,120,220,0,1,170,0,0,2,0,2,1
59.0307,1,2,126,218,1,1,134,0,2.2,1,1,1,0
56.0308,0,1,140,294,0,0,153,0,1.3,1,0,2,1
61.0309,1,0,120,260,0,1,140,1,3.6,1,1,3,0
48.031,1,0,130,256,1,0,150,1,0,2,2,3,0
70.0311,1,2,160,269,0,1,112,1,2.9,1,1,3,0
74.0312,0,1,120,269,0,0,121,1,0.2,2,1,2,1
40.0313,1,3,140,199,0,1,178,1,1.4,2,0,3,1
42.0314,1,3,148,244,0,0,178,0,0.8,2,2,2,1
64.0315,0,2,140,313,0,1,133,0,0.2,2,0,3,1
63.0316,0,2,135,252,0,0,172,0,0,2,0,2,1
59.0317,1,0,140,177,0,1,162,1,0,2,1,3,0
53.0318,0,2,128,216,0,0,115,0,0,2,0,0,1
53.0319,0,0,130,264,0,0,143,0,0.4,1,0,2,1
48.032,0,2,130,275,0,1,139,0,0.2,2,0,2,1
45.0321,1,0,142,309,0,0,147,1,0,1,3,3,0
66.0322,1,1,160,246,0,1,120,1,0,1,3,1,0
48.0323,1,1,130,245,0,0,180,0,0.2,1,0,2,1
56.0324,0,1,140,294,0,0,153,0,1.3,1,0,2,1
54.0325,1,1,192,283,0,0,195,0,0,2,1,3,0
57.0326,1,0,150,276,0,0,112,1,0.6,1,1,1,0
70.0327,1,0,130,322,0,0,109,0,2.4,1,3,2,0
53.0328,0,2,128,216,0,0,115,0,0,2,0,0,1
37.0529,0,2,120,215,0,1,170,0,0,2,0,2,1
63.033,0,0,108,269,0,1,169,1,1.8,1,2,2,0
37.0631,1,2,130,250,0,1,187,0,3.5,0,0,2,1
54.0332,0,2,110,214,0,1,158,0,1.6,1,0,2,1
60.0333,1,0,130,206,0,0,132,1,2.4,1,2,3,0
58.0334,1,0,150,270,0,0,111,1,0.8,2,0,3,0
57.0335,1,2,150,126,1,1,173,0,0.2,2,1,3,1
54.0336,1,2,125,273,0,0,152,0,0.5,0,1,2,1
56.0337,1,2,130,256,1,0,142,1,0.6,1,1,1,0
60.0338,1,0,130,253,0,1,144,1,1.4,2,1,3,0
38.1139,1,2,138,175,0,1,173,0,0,2,4,2,1
44.034,1,2,120,226,0,1,169,0,0,2,0,2,1
65.0341,0,2,155,269,0,1,148,0,0.8,2,0,2,1
52.0342,1,2,172,199,1,1,162,0,0.5,2,0,3,1
41.0343,1,1,120,157,0,1,182,0,0,2,0,2,1
66.0344,1,1,160,246,0,1,120,1,0,1,3,1,0
50.0345,1,0,150,243,0,0,128,0,2.6,1,0,3,0
54.0346,0,2,108,267,0,0,167,0,0,2,0,2,1
43.0347,1,0,132,247,1,0,143,1,0.1,1,4,3,0
62.0348,0,2,130,263,0,1,97,0,1.2,1,1,3,0
66.0349,1,0,120,302,0,0,151,0,0.4,1,0,2,1
50.035,1,0,144,200,0,0,126,1,0.9,1,0,3,0
57.0351,1,0,110,201,0,1,126,1,1.5,1,0,1,1
57.0352,1,1,124,261,0,1,141,0,0.3,2,0,3,0
46.0353,0,0,138,243,0,0,152,1,0,1,0,2,1
59.0354,1,0,164,176,1,0,90,0,1,1,2,1,0
67.0355,1,0,160,286,0,0,108,1,1.5,1,3,2,0
59.0356,1,3,134,204,0,1,162,0,0.8,2,2,2,0
53.0357,0,2,128,216,0,0,115,0,0,2,0,0,1
48.0358,1,0,122,222,0,0,186,0,0,2,0,2,1
62.0359,1,2,130,231,0,1,146,0,1.8,1,3,3,1
43.036,0,2,122,213,0,1,165,0,0.2,1,0,2,1
53.0361,1,2,130,246,1,0,173,0,0,2,3,2,1
57.0362,0,1,130,236,0,0,174,0,0,1,1,2,0
53.0363,1,2,130,246,1,0,173,0,0,2,3,2,1
58.0364,1,2,112,230,0,0,165,0,2.5,1,1,3,0
48,1,1,110,229,0,1,168,0,1,0,0,3,0
58.0366,1,2,105,240,0,0,154,1,0.6,1,0,3,1
51.0367,1,2,110,175,0,1,123,0,0.6,2,0,2,1
43.0368,0,0,132,341,1,0,136,1,3,1,0,3,0
55.0369,1,0,132,353,0,1,132,1,1.2,1,1,3,0
54.037,0,2,110,214,0,1,158,0,1.6,1,0,2,1
58.0371,1,1,120,284,0,0,160,0,1.8,1,0,2,0
46.0372,0,2,142,177,0,0,160,1,1.4,0,0,2,1
66.0373,1,0,160,228,0,0,138,0,2.3,2,0,1,1
59.0374,1,1,140,221,0,1,164,1,0,2,0,2,1
64.0375,0,0,130,303,0,1,122,0,2,1,2,2,1
67,1,0,120,237,0,1,71,0,1,1,0,2,0
52,1,3,118,186,0,0,190,0,0,1,0,1,1
58.0378,1,0,146,218,0,1,105,0,2,1,1,3,0
58.0379,1,2,132,224,0,0,173,0,3.2,2,2,3,0
59.038,1,0,110,239,0,0,142,1,1.2,1,1,3,0
58.0381,1,0,150,270,0,0,111,1,0.8,2,0,3,0
35.0382,1,0,126,282,0,0,156,1,0,2,0,3,0
51.0383,1,2,110,175,0,1,123,0,0.6,2,0,2,1
42.0384,0,2,120,209,0,1,173,0,0,1,0,2,1
77.0385,1,0,125,304,0,0,162,1,0,2,3,2,0
64.0386,1,0,120,246,0,0,96,1,2.2,0,1,2,0
63.0387,1,3,145,233,1,0,150,0,2.3,0,0,1,1
58.0388,0,1,136,319,1,0,152,0,0,2,2,2,0
45.0389,1,3,110,264,0,1,132,0,1.2,1,0,3,0
51.039,1,2,110,175,0,1,123,0,0.6,2,0,2,1
62.0391,0,0,160,164,0,0,145,0,6.2,0,3,3,0
63.0392,1,0,130,330,1,0,132,1,1.8,2,3,3,0
66.0393,0,2,146,278,0,0,152,0,0,1,1,2,1
68.0394,1,2,180,274,1,0,150,1,1.6,1,0,3,0
40.0395,1,0,110,167,0,0,114,1,2,1,0,3,0
,1,0,110,197,0,0,177,0,0,2,1,2,0
66.0397,1,0,160,228,0,0,138,0,2.3,2,0,1,1
63.0398,1,3,145,233,1,0,150,0,2.3,0,0,1,1
49.0399,1,2,120,188,0,1,139,0,2,1,3,3,0
71.04,0,0,112,149,0,1,125,0,1.6,1,0,2,1
70.0401,1,1,156,245,0,0,143,0,0,2,0,2,1
46.0402,0,1,105,204,0,1,172,0,0,2,0,2,1
61.0403,1,0,140,207,0,0,138,1,1.9,2,1,3,0
56.0404,1,2,130,256,1,0,142,1,0.6,1,1,1,0
58.0405,1,2,140,211,1,0,165,0,0,2,0,2,1
58.0406,1,0,100,234,0,1,156,0,0.1,2,1,3,0
46.0407,0,0,138,243,0,0,152,1,0,1,0,2,1
46.0408,1,2,150,231,0,1,147,0,3.6,1,0,2,0
41.0409,0,1,105,198,0,1,168,0,0,2,1,2,1
56.041,1,0,125,249,1,0,144,1,1.2,1,1,2,0
57.0411,1,0,150,276,0,0,112,1,0.6,1,1,1,0
70.0412,1,0,130,322,0,0,109,0,2.4,1,3,2,0
59.0413,1,3,170,288,0,0,159,0,0.2,1,0,3,0
41.0414,0,1,130,204,0,0,172,0,1.4,2,0,2,1
54.0415,1,2,125,273,0,0,152,0,0.5,0,1,2,1
52.0416,1,2,138,223,0,1,169,0,0,2,4,2,1
62.0417,0,0,124,209,0,1,163,0,0,2,0,2,1
65.0418,0,2,160,360,0,0,151,0,0.8,2,0,2,1
57.0419,0,0,128,303,0,0,159,0,0,2,1,2,1
42.042,0,0,102,265,0,0,122,0,0.6,1,0,2,1
57.0421,0,0,120,354,0,1,163,1,0.6,2,0,2,1
58.0422,0,1,136,319,1,0,152,0,0,2,2,2,0
45.0423,1,0,142,309,0,0,147,1,0,1,3,3,0
51.0424,0,0,130,305,0,1,142,1,1.2,1,0,3,0
54.0425,0,2,160,201,0,1,163,0,0,2,1,2,1
57.0426,1,2,150,168,0,1,174,0,1.6,2,0,2,1
43.0427,1,0,132,247,1,0,143,1,0.1,1,4,3,0
47.0428,1,2,108,243,0,1,152,0,0,2,0,2,0
67.0429,1,2,152,212,0,0,150,0,0.8,1,0,3,0
65.043,0,0,150,225,0,0,114,0,1,1,3,3,0
60.0431,0,2,102,318,0,1,160,0,0,2,1,2,1
37.0832,1,2,130,250,0,1,187,0,3.5,0,0,2,1
41.0433,0,2,112,268,0,0,172,1,0,2,0,2,1
57.0434,0,0,120,354,0,1,163,1,0.6,2,0,2,1
59.0435,0,0,174,249,0,1,143,1,0,1,0,2,0
67.0436,1,0,120,229,0,0,129,1,2.6,1,2,3,0
47.0437,1,2,130,253,0,1,179,0,0,2,0,2,1
58.0438,1,1,120,284,0,0,160,0,1.8,1,0,2,0
62.0439,0,0,150,244,0,1,154,1,1.4,1,0,2,0
60.044,1,0,140,293,0,0,170,0,1.2,1,2,3,0
57.0441,1,0,152,274,0,1,88,1,1.2,1,1,3,0
57.0442,1,2,150,168,0,1,174,0,1.6,2,0,2,1
47.0443,1,2,130,253,0,1,179,0,0,2,0,2,1
52.0444,1,1,128,205,1,1,184,0,0,2,0,2,1
53.0445,1,2,130,246,1,0,173,0,0,2,3,2,1
55.0446,1,0,160,289,0,0,145,1,0.8,1,1,3,0
51.0447,0,2,120,295,0,0,157,0,0.6,2,0,2,1
52,1,0,112,230,0,1,160,0,0,2,1,2,0
63.0449,0,0,150,407,0,0,154,0,4,1,3,3,0
66.045,0,0,178,228,1,1,165,1,1,1,2,3,0
49.0451,0,1,134,271,0,1,162,0,0,1,0,2,1
65.0452,0,0,150,225,0,0,114,0,1,1,3,3,0
69.0453,1,3,160,234,1,0,131,0,0.1,1,1,2,1
47.0454,1,2,108,243,0,1,152,0,0,2,0,2,0
39.0455,0,2,138,220,0,1,152,0,0,1,0,2,1
43.0456,1,0,150,247,0,1,171,0,1.5,2,0,2,1
51.0457,1,0,140,261,0,0,186,1,0,2,0,2,1
69.0458,1,2,140,254,0,0,146,0,2,1,3,3,0
48.0459,1,2,124,255,1,1,175,0,0,2,2,2,1
52.046,1,3,118,186,0,0,190,0,0,1,0,1,1
43.0461,1,0,110,211,0,1,161,0,0,2,0,3,1
67.0462,0,2,115,564,0,0,160,0,1.6,1,0,3,1
38.1363,1,2,138,175,0,1,173,0,0,2,4,2,1
44.0464,1,1,130,219,0,0,188,0,0,2,0,2,1
47.0465,1,0,110,275,0,0,118,1,1,1,1,2,0
61.0466,1,2,150,243,1,1,137,1,1,1,0,2,1
67.0467,1,0,160,286,0,0,108,1,1.5,1,3,2,0
60.0468,0,3,150,240,0,1,171,0,0.9,2,0,2,1
64.0469,0,2,140,313,0,1,133,0,0.2,2,0,3,1
58.047,0,0,130,197,0,1,131,0,0.6,1,0,2,1
41.0471,1,2,130,214,0,0,168,0,2,1,0,2,1
48.0472,1,1,110,229,0,1,168,0,1,0,0,3,0
57.0473,1,2,150,126,1,1,173,0,0.2,2,1,3,1
57.0474,1,0,165,289,1,0,124,0,1,1,3,3,0
57.0475,1,2,128,229,0,0,150,0,0.4,1,1,3,0
39.0476,1,2,140,321,0,0,182,0,0,2,0,2,1
58.0477,1,0,128,216,0,0,131,1,2.2,1,3,3,0
51.0478,0,0,130,305,0,1,142,1,1.2,1,0,3,0
63.0479,0,0,150,407,0,0,154,0,4,1,3,3,0
51.048,1,0,140,298,0,1,122,1,4.2,1,3,3,0
35.0681,1,1,122,192,0,1,174,0,0,2,0,2,1
65.0482,1,0,110,248,0,0,158,0,0.6,2,2,1,0
62.0483,1,1,120,281,0,0,103,0,1.4,1,1,3,0
41.0484,1,0,110,172,0,0,158,0,0,2,0,3,0
65.0485,1,0,135,254,0,0,127,0,2.8,1,1,3,0
54.0486,0,1,132,288,1,0,159,1,0,2,1,2,1
61.0487,1,2,150,243,1,1,137,1,1,1,0,2,1
57.0488,0,0,128,303,0,0,159,0,0,2,1,2,1
57.0489,1,2,150,168,0,1,174,0,1.6,2,0,2,1
64.049,1,2,125,309,0,1,131,1,1.8,1,0,3,0
55.0491,1,0,132,353,0,1,132,1,1.2,1,1,3,0
51.0492,1,2,125,245,1,0,166,0,2.4,1,0,2,1
59.0493,1,0,135,234,0,1,161,0,0.5,1,0,3,1
68.0494,1,2,180,274,1,0,150,1,1.6,1,0,3,0
57.0495,1,1,154,232,0,0,164,0,0,2,1,2,0
54.0496,1,0,140,239,0,1,160,0,1.2,2,0,2,1
46.0497,0,2,142,177,0,0,160,1,1.4,0,0,2,1
71,0,0,112,149,0,1,125,0,1.6,1,0,2,1
35.0599,0,0,138,183,0,1,182,0,1.4,2,0,2,1
46.05,0,2,142,177,0,0,160,1,1.4,0,0,2,1
45.0501,0,1,130,234,0,0,175,0,0.6,1,0,2,1
47.0502,1,2,108,243,0,1,152,0,0,2,0,2,0
44.0503,0,2,118,242,0,1,149,0,0.3,1,1,2,1
61.0504,1,0,120,260,0,1,140,1,3.6,1,1,3,0
41.0505,0,1,130,204,0,0,172,0,1.4,2,0,2,1
56.0506,0,0,200,288,1,0,133,1,4,0,2,3,0
55.0507,0,0,180,327,0,2,117,1,3.4,1,0,2,0
54.0508,0,1,132,288,1,0,159,1,0,2,1,2,1
43,1,0,120,177,0,0,120,1,2.5,1,0,3,0
44.051,1,0,112,290,0,0,153,0,0,2,1,2,0
54.0511,1,0,110,206,0,0,108,1,0,1,1,2,0
44.0512,1,1,120,220,0,1,170,0,0,2,0,2,1
49.0513,1,2,120,188,0,1,139,0,2,1,3,3,0
60.0514,1,0,130,206,0,0,132,1,2.4,1,2,3,0
41.0515,0,1,105,198,0,1,168,0,0,2,1,2,1
49.0516,1,2,120,188,0,1,139,0,2,1,3,3,0
61.0517,1,0,148,203,0,1,161,0,0,2,1,3,0
59.0518,1,0,140,177,0,1,162,1,0,2,1,3,0
58.0519,1,1,125,220,0,1,144,0,0.4,1,4,3,1
67.052,0,2,152,277,0,1,172,0,0,2,1,2,1
61.0521,1,0,148,203,0,1,161,0,0,2,1,3,0
58,1,2,112,230,0,0,165,0,2.5,1,1,3,0
51.0523,0,2,130,256,0,0,149,0,0.5,2,0,2,1
62.0524,0,0,160,164,0,0,145,0,6.2,0,3,3,0
62.0525,0,0,124,209,0,1,163,0,0,2,0,2,1
59.0526,1,3,178,270,0,0,145,0,4.2,0,0,3,1
69.0527,1,3,160,234,1,0,131,0,0.1,1,1,2,1
60.0528,0,0,150,258,0,0,157,0,2.6,1,2,3,0
65.0529,0,2,155,269,0,1,148,0,0.8,2,0,2,1
63.053,0,0,124,197,0,1,136,1,0,1,0,2,0
53.0531,0,0,138,234,0,0,160,0,0,2,0,2,1
54.0532,0,2,108,267,0,0,167,0,0,2,0,2,1
76.0533,0,2,140,197,0,2,116,0,1.1,1,0,2,1
50.0534,0,2,120,219,0,1,158,0,1.6,1,0,2,1
62.0535,1,2,130,231,0,1,746,0,1.8,1,3,3,1
52.0536,1,1,120,325,0,1,172,0,0.2,2,0,2,1
46.0537,1,0,120,249,0,0,144,0,0.8,2,0,3,0
64.0538,1,3,170,227,0,0,155,0,0.6,1,0,3,1
58.0539,1,0,128,259,0,0,130,1,3,1,2,3,0
44.054,1,2,140,235,0,0,180,0,0,2,0,2,1
62.0541,0,0,140,394,0,0,157,0,1.2,1,0,2,1
59.0542,1,3,134,204,0,1,162,0,0.8,2,2,2,0
54.0543,1,2,125,273,0,0,152,0,0.5,0,1,2,1
48.0544,1,1,110,229,0,1,168,0,1,0,0,3,0
70.0545,1,0,130,322,0,0,109,0,2.4,1,3,2,0
67.0546,0,0,106,223,0,1,142,0,0.3,2,2,2,1
51.0547,0,2,120,295,0,0,157,0,0.6,2,0,2,1
68.0548,1,2,118,277,0,1,151,0,1,2,1,3,1
41,0,2,112,268,,,172,1,0,2,0,2,
54.055,1,0,122,286,0,0,116,1,3.2,1,2,2,0
43.0551,0,0,132,341,1,0,136,1,3,1,0,3,0
53.0552,1,2,130,197,1,0,152,0,1.2,0,0,2,1
58.0553,1,0,100,234,0,1,156,0,0.1,2,1,3,0
67.0554,1,0,125,254,1,1,163,0,0.2,1,2,3,0
59.0555,1,0,140,177,0,1,162,1,0,2,1,3,0
48.0556,1,0,122,222,0,0,186,0,0,2,0,2,1
39.0757,0,2,94,199,0,1,179,0,0,2,0,2,1
67,1,0,120,237,0,1,71,0,1,1,0,2,0
58.0559,0,0,130,197,0,1,131,0,0.6,1,0,2,1
65.056,0,2,155,269,0,1,148,0,0.8,2,0,2,1
42.0561,0,2,120,209,0,1,173,0,0,1,0,2,1
44.0562,1,0,112,290,0,0,153,0,0,2,1,2,0
56.0563,1,0,132,184,0,0,105,1,2.1,1,1,1,0
53.0564,0,0,138,234,0,0,160,0,0,2,0,2,1
50.0565,0,0,110,254,0,0,159,0,0,2,0,2,1
41.0566,1,2,130,214,0,0,168,0,2,1,0,2,1
54.0567,0,2,160,201,0,1,163,0,0,2,1,2,1
42.0568,1,2,120,240,1,1,194,0,0.8,0,0,3,1
54.0569,0,2,135,304,1,1,170,0,0,2,0,2,1
60.057,1,0,145,282,0,0,142,1,2.8,1,2,3,0
34.0971,1,3,118,182,0,0,174,0,0,2,0,2,1
44.0572,1,0,112,290,0,0,153,0,0,2,1,2,0
60.0573,1,0,125,258,0,0,141,1,2.8,1,1,3,0
43.0574,1,0,150,247,0,1,171,0,1.5,2,0,2,1
52.0575,1,3,152,298,1,1,178,0,1.2,1,0,3,1
70.0576,1,0,130,322,0,0,109,0,2.4,1,3,2,0
62.0577,0,0,140,394,0,0,157,0,1.2,1,0,2,1
58.0578,1,0,146,218,0,1,105,0,2,1,1,3,0
46.0579,1,1,101,197,1,1,156,0,0,2,0,3,1
44.058,1,2,140,235,0,0,180,0,0,2,0,2,1
55.0581,1,1,130,262,0,1,155,0,0,2,0,2,1
43.0582,1,0,120,177,0,0,120,1,2.5,1,0,3,0
55.0583,1,0,132,353,0,1,132,1,1.2,1,1,3,0
40.0584,1,3,140,199,0,1,178,1,1.4,2,0,3,1
64.0585,1,2,125,309,0,1,131,1,1.8,1,0,3,0
59.0586,1,0,164,176,1,0,90,0,1,1,2,1,0
61.0587,0,0,145,307,0,0,146,1,1,1,0,3,0
54.0588,1,0,122,286,0,0,116,1,3.2,1,2,2,0
74.0589,0,1,120,269,0,0,121,1,0.2,2,1,2,1
63.059,0,0,108,269,0,1,169,1,1.8,1,2,2,0
70.0591,1,2,160,269,0,1,112,1,2.9,1,1,3,0
63.0592,0,0,108,269,0,1,169,1,1.8,1,2,2,0
64.0593,1,0,145,212,0,0,132,0,2,1,2,1,0
52.0594,1,0,112,230,0,1,160,0,0,2,1,2,0
61.0595,1,0,148,203,0,1,161,0,0,2,1,3,0
59.0596,1,1,140,221,0,1,164,1,0,2,0,2,1
38.1597,1,2,138,175,0,1,173,0,0,2,4,2,1
58.0598,1,1,120,284,0,0,160,0,1.8,1,0,2,0
63.0599,0,1,140,195,0,1,179,0,0,2,2,2,1
62.06,0,2,130,263,0,1,97,0,1.2,1,1,3,0
46.0601,1,0,140,311,0,1,120,1,1.8,1,2,3,0
58.0602,0,2,120,340,0,1,172,0,0,2,0,2,1
63.0603,0,1,140,195,0,1,179,0,0,2,2,2,1
47.0604,1,2,130,253,0,1,179,0,0,2,0,2,1
71.0605,0,2,110,265,1,0,130,0,0,2,1,2,1
66.0606,1,0,112,212,0,0,132,1,0.1,2,1,2,0
42.0607,1,0,136,315,0,1,125,1,1.8,1,0,1,0
64.0608,1,0,145,212,0,0,132,0,2,1,2,1,0
55.0609,0,0,180,327,0,2,117,1,3.4,1,0,2,0
43.061,0,0,132,341,1,0,136,1,3,1,0,3,0
55.0611,0,0,128,205,0,2,130,1,2,1,1,3,0
58.0612,0,0,170,225,1,0,146,1,2.8,1,2,1,0
55.0613,1,0,140,217,0,1,111,1,5.6,0,0,3,0
51.0614,0,0,130,305,0,1,142,1,1.2,1,0,3,0
50.0615,0,2,120,219,0,1,158,0,1.6,1,0,2,1
43.0616,1,0,115,303,0,1,181,0,1.2,1,0,2,1
41.0617,0,1,126,306,0,1,163,0,0,2,0,2,1
49.0618,1,1,130,266,0,1,171,0,0.6,2,0,2,1
65.0619,1,0,110,248,0,0,158,0,0.6,2,2,1,0
57.062,1,0,152,274,0,1,88,1,1.2,1,1,3,0
48.0621,1,0,130,256,1,0,150,1,0,2,2,3,0
62.0622,0,0,138,294,1,1,106,0,1.9,1,3,2,0
61.0623,1,3,134,234,0,1,145,0,2.6,1,2,2,0
59.0624,1,3,178,270,0,0,145,0,4.2,0,0,3,1
69.0625,1,2,140,254,0,0,146,0,2,1,3,3,0
58.0626,1,2,132,224,0,0,173,0,3.2,2,2,3,0
38.0727,1,3,120,231,0,1,182,1,3.8,1,0,3,0
69.0628,0,3,140,239,0,1,151,0,1.8,2,2,2,1
65.0629,1,3,138,282,1,0,174,0,1.4,1,1,2,0
45.063,1,3,110,264,0,1,132,0,1.2,1,0,3,0
49.0631,1,1,130,266,0,1,171,0,0.6,2,0,2,1
45.0632,0,1,130,234,0,0,175,0,0.6,1,0,2,1
61.0633,1,0,138,166,0,0,125,1,3.6,1,1,2,0
52.0634,1,0,125,212,0,1,168,0,1,2,2,3,0
53.0635,0,0,130,264,0,0,143,0,0.4,1,0,2,1
59.0636,0,0,174,249,0,1,143,1,0,1,0,2,0
58.0637,0,2,120,340,0,1,172,0,0,2,0,2,1
65.0638,1,3,138,282,1,0,174,0,1.4,1,1,2,0
58.0639,0,0,130,197,0,1,131,0,0.6,1,0,2,1
46.064,0,0,138,243,0,0,152,1,0,1,0,2,1
56.0641,0,0,134,409,0,0,150,1,1.9,1,2,3,0
64.0642,1,0,128,263,0,1,105,1,0.2,1,1,3,1
65.0643,1,0,120,177,0,1,140,0,0.4,2,0,3,1
44.0644,1,2,120,226,0,1,169,0,0,2,0,2,1
50.0645,1,0,150,243,0,0,128,0,2.6,1,0,3,0
47.0646,1,2,108,243,0,1,152,0,0,2,0,2,0
64.0647,0,0,130,303,0,1,122,0,2,1,2,2,1
71.0648,0,0,112,149,0,1,125,0,1.6,1,0,2,1
62.0649,1,0,120,267,0,1,99,1,1.8,1,2,3,0
41.065,1,1,120,157,0,1,182,0,0,2,0,2,1
66.0651,0,3,150,226,0,1,114,0,2.6,0,0,2,1
56.0652,1,0,130,283,1,0,103,1,1.6,0,0,3,0
41.0653,0,1,126,306,0,1,163,0,0,2,0,2,1
41.0654,1,1,110,235,0,1,153,0,0,2,0,2,1
57.0655,0,1,130,236,0,0,174,0,0,1,1,2,0
39.0656,0,2,138,220,0,1,152,0,0,1,0,2,1
64.0657,1,2,125,309,0,1,131,1,1.8,1,0,3,0
60.0658,0,3,150,240,0,1,171,0,0.9,2,0,2,0
59.0659,1,0,138,271,0,0,182,0,0,2,0,2,1
61.066,1,0,138,166,0,0,125,1,3.6,1,1,2,0
58.0661,1,0,114,318,0,2,140,0,4.4,0,3,1,0
47.0662,1,0,112,204,0,1,143,0,0.1,2,0,2,1
58.0663,0,0,100,248,0,0,122,0,1,1,0,2,1
66.0664,0,3,150,226,0,1,114,0,2.6,0,0,2,1
65.0665,0,2,140,417,1,0,157,0,0.8,2,1,2,1
35.0966,1,1,122,192,0,1,174,0,0,2,0,2,1
57.0667,1,1,124,261,0,1,141,0,0.3,2,0,3,0
29,1,1,130,204,0,0,202,0,0,2,0,2,1
66.0669,1,1,160,246,0,1,120,1,0,1,3,1,0
61.067,0,0,130,330,0,0,169,0,0,2,0,2,0
52.0671,1,0,125,212,0,1,168,0,1,2,2,3,0
68.0672,1,2,118,277,0,1,151,0,1,2,1,3,1
54.0673,1,2,120,258,0,0,147,0,0.4,1,0,3,1
63.0674,1,0,130,330,1,0,132,1,1.8,2,3,3,0
58.0675,1,0,100,234,0,1,156,0,0.1,2,1,3,0
60.0676,1,0,130,253,0,1,144,1,1.4,2,1,3,0
63.0677,1,0,130,254,0,0,147,0,1.4,1,1,3,0
41.0678,0,2,112,268,0,0,172,1,0,2,0,2,1
68.0679,1,2,180,274,1,0,150,1,1.6,1,0,3,0
42.068,1,1,120,295,0,1,162,0,0,2,0,2,1
59.0681,1,0,170,326,0,0,140,1,3.4,0,0,3,0
59.0682,1,0,164,176,1,0,90,0,1,1,2,1,0
43.0683,1,0,120,177,0,0,120,1,2.5,1,0,3,0
60.0684,1,2,140,185,0,0,155,0,3,1,0,2,0
63.0685,0,0,150,407,0,0,154,0,4,1,3,3,0
52.0686,1,0,128,204,1,1,156,1,1,1,0,0,0
58.0687,1,0,125,300,0,0,171,0,0,2,2,3,0
56.0688,0,0,200,288,1,0,133,1,4,0,2,3,0
54.0689,0,2,135,304,1,1,170,0,0,2,0,2,1
58.069,1,2,105,240,0,0,154,1,0.6,1,0,3,1
55.0691,0,1,135,250,0,0,161,0,1.4,1,0,2,1
53.0692,1,0,140,203,1,0,155,1,3.1,0,0,3,0
63.0693,0,1,140,195,0,1,179,0,0,2,2,2,1
39.0694,1,0,118,219,0,1,140,0,1.2,1,0,3,0
35.0795,1,0,126,282,0,0,156,1,0,2,0,3,0
50.0696,0,2,120,219,0,1,158,0,1.6,1,0,2,1
67.0697,1,2,152,212,0,0,150,0,0.8,1,0,3,0
66.0698,1,0,112,212,0,0,132,1,0.1,2,1,2,0
35.0899,1,0,126,282,0,0,156,1,0,2,0,3,0
41.07,1,2,130,214,0,0,168,0,2,1,0,2,1
35.0801,1,0,120,198,0,1,130,1,1.6,1,0,3,0
71.0702,0,1,160,302,0,1,162,0,0.4,2,2,2,1
57.0703,1,0,110,201,0,1,126,1,1.5,1,0,1,1
51.0704,1,2,94,227,0,1,154,1,0,2,1,3,1
58.0705,1,0,128,216,0,0,131,1,2.2,1,3,3,0
57.0706,1,2,128,229,0,0,150,0,0.4,1,1,3,0
56.0707,0,1,140,294,0,0,153,0,1.3,1,0,2,1
60.0708,0,2,120,178,1,1,96,0,0,2,0,2,1
45.0709,1,3,110,264,0,1,132,0,1.2,1,0,3,0
56.071,1,1,130,221,0,0,163,0,0,2,0,3,1
35.0911,1,0,120,198,0,1,130,1,1.6,1,0,3,0
45.0712,0,1,112,160,0,1,138,0,0,1,0,2,1
66.0713,0,3,150,226,0,1,114,0,2.6,0,0,2,1
51.0714,1,3,125,213,0,0,125,1,1.4,2,1,2,1
70.0715,1,1,156,245,0,0,143,0,0,2,0,2,1
55.0716,0,0,128,205,0,2,130,1,2,1,1,3,0
56.0717,1,2,130,256,1,0,142,1,0.6,1,1,1,0
55.0718,0,1,135,250,0,0,161,0,1.4,1,0,2,1
52.0719,1,0,108,233,1,1,147,0,0.1,2,3,3,1
64.072,1,2,140,335,0,1,158,0,0,2,0,2,0
45.0721,1,0,115,260,0,0,185,0,0,2,0,2,1
67.0722,0,2,152,277,0,1,172,0,0,2,1,2,1
68.0723,0,2,120,211,0,0,115,0,1.5,1,0,2,1
74.0724,0,1,120,269,0,0,121,1,0.2,2,1,2,1
60.0725,0,0,150,258,0,0,157,0,2.6,1,2,3,0
48.0726,1,0,124,274,0,0,166,0,0.5,1,0,3,0
56.0727,1,1,130,221,0,0,163,0,0,2,0,3,1
46.0728,1,0,140,311,0,1,120,1,1.8,1,2,3,0
55.0729,0,1,135,250,0,0,161,0,1.4,1,0,2,1
44.073,1,1,120,220,0,1,170,0,0,2,0,2,1
52.0731,1,0,112,230,0,1,160,0,0,2,1,2,0
51.0732,1,2,94,227,0,1,154,1,0,2,1,3,1
44.0733,0,2,108,141,0,1,175,0,0.6,1,0,2,1
52.0734,1,0,128,204,1,1,156,1,1,1,0,0,0
50.0735,1,2,129,196,0,1,163,0,0,2,0,2,1
59.0736,1,0,110,239,0,0,142,1,1.2,1,1,3,0
67.0737,1,0,120,229,0,0,129,1,2.6,1,2,3,0
58.0738,1,0,125,300,0,0,171,0,0,2,2,3,0
52.0739,1,0,128,255,0,1,161,1,0,2,1,3,0
44.074,1,2,140,235,0,0,180,0,0,2,0,2,1
41,0,2,112,268,0,0,172,1,0,2,0,2,1
63.0742,1,0,130,330,1,0,132,1,1.8,2,3,3,0
58.0743,1,1,125,220,0,1,144,0,0.4,1,4,3,1
60.0744,0,2,102,318,0,1,160,0,0,2,1,2,1
51.0745,1,2,100,222,0,1,143,1,1.2,1,0,2,1
64.0746,1,2,140,335,0,1,158,0,0,2,0,2,0
60.0747,1,0,117,230,1,1,160,1,1.4,2,2,3,0
58.0748,1,1,125,220,0,1,144,0,0.4,1,4,3,1
55.0749,1,1,130,262,0,1,155,0,0,2,0,2,1
65.075,0,2,160,360,0,0,151,0,0.8,2,0,2,1
48.0751,1,1,130,245,0,0,180,0,0.2,1,0,2,1
65.0752,1,0,120,177,0,1,140,0,0.4,2,0,3,1
51.0753,0,2,130,256,0,0,149,0,0.5,2,0,2,1
48.0754,1,2,124,255,1,1,175,0,0,2,2,2,1
64.0755,1,0,120,246,0,0,96,1,2.2,0,1,2,0
66.0756,1,0,160,228,0,0,138,0,2.3,2,0,1,1
46.0757,0,1,105,204,0,1,172,0,0,2,0,2,1
61.0758,0,0,130,330,0,0,169,0,0,2,0,2,0
57.0759,1,0,150,276,0,0,112,1,0.6,1,1,1,0
49.076,0,0,130,269,0,1,163,0,0,2,0,2,1
56.0761,1,1,130,221,0,0,163,0,0,2,0,3,1
58.0762,0,3,150,283,1,0,162,0,1,2,0,2,1
63.0763,1,0,140,187,0,0,144,1,4,2,2,3,0
57.0764,1,0,110,335,0,1,143,1,3,1,1,3,0
57.0765,1,0,110,335,0,1,143,1,3,1,1,3,0
68.0766,1,0,144,193,1,1,141,0,3.4,1,2,3,0
46.0767,1,1,101,197,1,1,156,0,0,2,0,3,1
56.0768,0,0,800,288,1,0,133,1,44,0,2,3,0
71.0769,0,2,110,265,1,0,130,0,0,2,1,2,1
41.077,1,1,135,203,0,1,132,0,0,1,0,1,1
45.0771,0,0,138,236,0,0,152,1,0.2,1,0,2,1
62.0772,0,0,150,244,0,1,154,1,1.4,1,0,2,0
65.0773,0,0,150,225,0,0,114,0,1,1,3,3,0
48.0774,0,2,130,275,0,1,139,0,0.2,2,0,2,1
51.0775,1,2,100,222,0,1,143,1,1.2,1,0,2,1
61.0776,0,0,145,307,0,0,146,1,1,1,0,3,0
53.0777,1,0,123,282,0,1,95,1,2,1,2,3,0
59.0778,1,3,134,204,0,1,162,0,0.8,2,2,2,0
34.0779,0,1,118,210,0,1,192,0,0.7,2,0,2,1
44.078,1,0,120,169,0,1,144,1,2.8,0,0,1,0
58.0781,1,0,146,218,0,1,105,0,2,1,1,3,0
64.0782,0,0,130,303,0,1,122,0,2,1,2,2,1
56.0783,1,1,120,240,0,1,169,0,0,0,0,2,1
54.0784,1,2,150,232,0,0,165,0,1.6,2,0,3,1
55.0785,1,0,160,289,0,0,145,1,0.8,1,1,3,0
67.0786,1,0,125,254,1,1,163,0,0.2,1,2,3,0
51.0787,1,0,140,298,0,1,122,1,4.2,1,3,3,0
62.0788,0,0,138,294,1,1,106,0,1.9,1,3,2,0
62.0789,1,1,120,281,0,0,103,0,1.4,1,1,3,0
54.079,1,0,110,239,0,1,126,1,2.8,1,1,3,0
54.0791,1,0,110,239,0,1,126,1,2.8,1,1,3,0
68.0792,1,0,144,193,1,1,141,0,3.4,1,2,3,0
60.0793,0,2,120,178,1,1,96,0,0,2,0,2,1
61.0794,1,3,134,234,0,1,145,0,2.6,1,2,2,0
62.0795,1,1,128,208,1,0,140,0,0,2,0,2,1
41.0796,1,1,135,203,0,1,132,0,0,1,0,1,1
65.0797,0,0,150,225,0,0,114,0,1,1,3,3,0
59.0798,1,3,170,288,0,0,159,0,0.2,1,0,3,0
43.0799,1,0,115,303,0,1,181,0,1.2,1,0,2,1
67.08,1,0,120,229,0,0,129,1,2.6,1,2,3,0
63.0801,1,3,145,233,1,0,150,0,2.3,0,0,1,1
63.0802,0,0,124,197,0,1,136,1,0,1,0,2,0
52,1,0,112,230,0,1,160,0,0,2,1,2,0
58.0804,0,0,130,197,0,1,131,0,0.6,1,0,2,1
53.0805,1,0,142,226,0,0,111,1,0,2,0,3,1
57.0806,1,0,150,276,0,0,112,1,0.6,1,1,1,0
44.0807,1,2,130,233,0,1,179,1,0.4,2,0,2,1
51.0808,1,2,94,227,0,1,154,1,0,2,1,3,1
54.0809,0,2,110,214,0,1,158,0,1.6,1,0,2,1
40.081,1,0,110,167,0,0,114,1,2,1,0,3,0
57.0811,1,1,124,261,0,1,141,0,0.3,2,0,3,0
62.0812,0,0,140,268,0,0,160,0,3.6,0,2,2,0
53.0813,1,0,140,203,1,0,155,1,3.1,0,0,3,0
62.0814,1,1,128,208,1,0,140,0,0,2,0,2,1
58.0815,1,2,105,240,0,0,154,1,0.6,1,0,3,1
70.0816,1,1,156,245,0,0,143,0,0,2,0,2,1
45.0817,1,0,115,260,0,0,185,0,0,2,0,2,1
42.0818,1,3,148,244,0,0,178,0,0.8,2,2,2,1
58.0819,0,0,170,225,1,0,146,1,2.8,1,2,1,0
61.082,1,0,140,207,0,0,138,1,1.9,2,1,3,0
62.0821,0,0,140,268,0,0,160,0,3.6,0,2,2,0
60.0822,1,0,130,253,0,1,144,1,1.4,2,1,3,0
54.0823,1,0,140,239,0,1,160,0,1.2,2,0,2,1
61.0824,1,0,138,166,0,0,125,1,3.6,1,1,2,0
63.0825,0,2,135,252,0,0,172,0,0,2,0,2,1
42.0826,1,2,130,180,0,1,150,0,0,2,0,2,1
57.0827,1,2,128,229,0,0,150,0,0.4,1,1,3,0
44.0828,1,2,130,233,0,1,179,1,0.4,2,0,2,1
54.0829,1,0,124,266,0,0,109,1,2.2,1,1,3,0
51.083,1,2,100,222,0,1,143,1,1.2,1,0,2,1
58.0831,1,1,125,220,0,1,144,0,0.4,1,4,3,1
68.0832,1,2,118,277,0,1,151,0,1,2,1,3,1
55.0833,1,0,140,217,0,1,111,1,5.6,0,0,3,0
42.0834,1,0,136,315,0,1,125,1,1.8,1,0,1,0
49.0835,1,2,118,149,0,0,126,0,0.8,2,3,2,0
53.0836,0,0,138,234,0,0,160,0,0,2,0,2,1
52.0837,1,2,172,199,1,1,162,0,0.5,2,0,3,1
51.0838,1,3,125,213,0,0,125,1,1.4,2,1,2,1
51.0839,1,0,140,261,0,0,186,1,0,2,0,2,1
70.084,1,0,145,174,0,1,125,1,2.6,0,0,3,0
35.1041,0,0,138,183,0,1,182,0,1.4,2,0,2,1
58.0842,1,2,112,230,0,0,165,0,2.5,1,1,3,0
59.0843,1,3,160,273,0,0,125,0,0,2,0,2,0
60.0844,1,0,140,293,0,0,170,0,1.2,1,2,3,0
56.0845,1,0,132,184,0,0,105,1,2.1,1,1,1,0
35.0846,0,0,138,183,0,1,182,0,1.4,2,0,2,1
,1,0,150,247,0,1,,0,,2,0,2,1
61.0848,1,0,138,166,0,0,125,1,3.6,1,1,2,0
58.0849,0,3,150,283,1,0,162,0,1,2,0,2,1
52.085,1,0,128,255,0,1,161,1,0,2,1,3,0
58.0851,1,1,120,284,0,0,160,0,1.8,1,0,2,0
37.0852,1,2,130,250,0,1,187,0,3.5,0,0,2,1
52.0853,1,0,128,255,0,1,161,1,0,2,1,3,0
67.0854,1,0,120,229,0,0,129,1,2.6,1,2,3,0
65.0855,1,3,138,282,1,0,174,0,1.4,1,1,2,0
46.0856,1,1,101,197,1,1,156,0,0,2,0,3,1
68.0857,0,2,120,211,0,0,115,0,1.5,1,0,2,1
43.0858,1,0,115,303,0,1,181,0,1.2,1,0,2,1
68.0859,0,2,120,211,0,0,115,0,1.5,1,0,2,1
51.086,1,0,140,299,0,1,173,1,1.6,2,0,3,0
52.0861,1,0,112,230,0,1,160,0,0,2,1,2,0
64.0862,1,2,140,335,0,1,158,0,0,2,0,2,0
59.0863,1,3,170,288,0,0,159,0,0.2,1,0,3,0
52.0864,1,0,125,212,0,1,168,0,1,2,2,3,0
59.0865,1,3,160,273,0,0,125,0,0,2,0,2,0
60.0866,0,3,150,240,0,1,171,0,0.9,2,0,2,1
41.0867,1,2,112,250,0,1,179,0,0,2,0,2,1
41.0868,1,1,110,235,0,1,153,0,0,2,0,2,1
56.0869,1,1,120,240,0,1,169,0,0,0,0,2,1
56.087,1,1,120,236,0,1,178,0,0.8,2,0,2,1
48.0871,0,2,130,275,0,1,139,0,0.2,2,0,2,1
39.0872,1,2,140,321,0,0,182,0,0,2,0,2,1
64.0873,1,3,170,227,0,0,155,0,0.6,1,0,3,1
57.0874,1,0,140,192,0,1,148,0,0.4,1,0,1,1
59.0875,1,3,160,273,0,0,125,0,0,2,0,2,0
60.0876,1,0,130,206,0,0,132,1,2.4,1,2,3,0
61.0877,1,0,140,207,0,0,138,1,1.9,2,1,3,0
43.0878,0,2,122,213,0,1,165,0,0.2,1,0,2,1
54.0879,1,0,120,188,0,1,113,0,1.4,1,1,3,0
59.088,1,0,138,271,0,0,182,0,0,2,0,2,1
57.0881,1,0,132,207,0,1,168,1,0,2,0,3,1
57.0882,1,1,154,232,0,0,164,0,0,2,1,2,0
57.0883,1,0,130,131,0,1,115,1,1.2,1,1,3,0
48.0884,1,0,124,274,0,0,166,0,0.5,1,0,3,0
70.0885,1,0,145,174,0,1,125,1,2.6,0,0,3,0
57.0886,1,0,165,289,1,0,124,0,1,1,3,3,0
61,1,0,120,260,0,1,140,1,3.6,1,1,3,0
57.0888,1,0,110,201,0,1,126,1,1.5,1,0,1,1
60.0889,0,0,150,258,0,0,157,0,2.6,1,2,3,0
63.089,0,0,150,407,0,0,154,0,4,1,3,3,0
55.0891,0,0,128,205,0,2,130,1,2,1,1,3,0
64.0892,0,0,180,325,0,1,154,1,0,2,0,2,1
45.0893,0,1,112,160,0,1,138,0,0,1,0,2,1
54.0894,1,0,110,239,0,1,126,1,2.8,1,1,3,0
52.0895,1,0,128,204,1,1,156,1,1,1,0,0,0
51.0896,1,0,140,299,0,1,173,1,1.6,2,0,3,0
62.0897,0,2,130,263,0,1,97,0,1.2,1,1,3,0
59.0898,1,3,178,270,0,0,145,0,4.2,0,0,3,1
52.0899,1,1,134,201,0,1,158,0,0.8,2,1,2,1
42.09,0,0,102,265,0,0,122,0,0.6,1,0,2,1
59.0901,1,0,135,234,0,1,161,0,0.5,1,0,3,1
61.0902,1,3,134,234,0,1,145,0,2.6,1,2,2,0
42.0903,0,0,102,265,0,0,122,0,0.6,1,0,2,1
62.0904,0,0,140,268,0,0,160,0,3.6,0,2,2,0
59.0905,1,2,126,218,1,1,134,0,2.2,1,1,1,0
55.0906,1,1,130,262,0,1,155,0,0,2,0,2,1
64.0907,1,0,120,246,0,0,96,1,2.2,0,1,2,0
42.0908,1,0,140,226,0,1,178,0,0,2,0,2,1
50.0909,0,1,120,244,0,1,162,0,1.1,2,0,2,1
62.091,1,0,120,267,0,1,99,1,1.8,1,2,3,0
50.0911,1,0,144,200,0,0,126,1,0.9,1,0,3,0
50.0912,1,2,140,233,0,1,163,0,0.6,1,1,3,0
58.0913,0,1,136,319,1,0,152,0,0,2,2,2,0
35,1,0,120,198,0,1,130,1,1.6,1,0,3,0
45.0915,1,0,104,208,0,0,148,1,3,1,0,2,1
66.0916,1,0,112,212,0,0,132,1,0.1,2,1,2,0
46.0917,1,0,120,249,0,0,144,0,0.8,2,0,3,0
65.0918,1,0,135,254,0,0,127,0,2.8,1,1,3,0
47.0919,1,2,130,253,0,1,179,0,0,2,0,2,1
59.092,1,3,134,204,0,1,162,0,0.8,2,2,2,0
38.1121,1,3,120,231,0,1,182,1,3.8,1,0,3,0
39.1022,1,0,118,219,0,1,140,0,1.2,1,0,3,0
58.0923,1,0,146,218,0,1,105,0,2,1,1,3,0
44.0924,1,1,120,263,0,1,173,0,0,2,0,3,1
54.0925,1,0,140,239,0,1,160,0,1.2,2,0,2,1
61.0926,0,0,130,330,0,0,169,0,0,2,0,2,0
57.0927,1,0,130,131,0,1,115,1,1.2,1,1,3,0
54.0928,1,0,110,206,0,0,108,1,0,1,1,2,0
42.0929,1,2,120,240,1,1,194,0,0.8,0,0,3,1
54.093,1,0,124,266,0,0,109,1,2.2,1,1,3,0
60.0931,1,0,130,206,0,0,132,1,2.4,1,2,3,0
65.0932,1,0,135,254,0,0,127,0,2.8,1,1,3,0
40.0933,1,0,152,223,0,1,181,0,0,2,0,3,0
51.0934,0,2,140,308,0,0,142,0,1.5,2,1,2,1
38.1235,1,3,120,231,0,1,182,1,3.8,1,0,3,0
42.0936,1,2,130,180,0,1,150,0,0,2,0,2,1
56.0937,1,1,120,240,0,1,169,0,0,0,0,2,1
43.0938,1,2,130,315,0,1,162,0,1.9,2,1,2,1
64.0939,1,2,140,335,0,1,158,0,0,2,0,2,0
53.094,1,0,142,226,0,0,111,1,0,2,0,3,1
49.0941,0,1,134,271,0,1,162,0,0,1,0,2,1
57.0942,0,0,140,241,0,1,123,1,0.2,1,0,3,0
52.0943,0,2,136,196,0,0,169,0,0.1,1,0,2,1
69.0944,0,3,140,239,0,1,151,0,1.8,2,2,2,1
66.0945,0,0,178,228,1,1,165,1,1,1,2,3,0
56.0946,1,3,120,193,0,0,162,0,1.9,1,0,3,1
67.0947,0,2,152,277,0,1,172,0,0,2,1,2,1
54.0948,0,2,160,201,0,1,163,0,0,2,1,2,1
70.0949,1,0,145,174,0,1,125,1,2.6,0,0,3,0
57.095,1,0,132,207,0,1,168,1,0,2,0,3,1
67.0951,1,0,160,286,0,0,108,1,1.5,1,3,2,0
62.0952,0,2,130,263,0,1,97,0,1.2,1,1,3,0
54.0953,0,2,135,304,1,1,170,0,0,2,0,2,1
45.0954,0,0,138,236,0,0,152,1,0.2,1,0,2,1
53.0955,0,0,130,264,0,0,143,0,0.4,1,0,2,1
62.0956,1,2,130,231,0,1,146,0,1.8,1,3,3,1
49.0957,0,0,130,269,0,1,163,0,0,2,0,2,1
50.0958,1,2,140,233,0,1,163,0,0.6,1,1,3,0
65.0959,0,2,140,417,1,0,157,0,0.8,2,1,2,1
69.096,0,3,140,239,0,1,151,0,1.8,2,2,2,1
52.0961,0,2,136,196,0,0,169,0,0.1,1,0,2,1
58.0962,0,0,100,248,0,0,122,0,1,1,0,2,1
52.0963,1,0,108,233,1,1,147,0,0.1,2,3,3,1
57.0964,0,0,140,241,0,1,123,1,0.2,1,0,3,0
44.0965,0,2,108,141,0,1,175,0,0.6,1,0,2,1
76.0966,0,2,140,197,0,2,116,0,1.1,1,0,2,1
58.0967,1,0,128,259,0,0,130,1,3,1,2,3,0
60.0968,0,2,120,178,1,1,96,0,0,2,0,2,1
53.0969,1,0,140,203,1,0,155,1,3.1,0,0,3,0
52.097,1,1,120,325,0,1,172,0,0.2,2,0,2,1
38.0971,1,2,138,175,0,1,173,0,0,2,4,2,1
52.0972,1,2,172,199,1,1,162,0,0.5,2,0,3,1
52,1,3,118,186,0,0,190,0,0,1,0,1,1
51.0974,1,2,125,245,1,0,166,0,2.4,1,0,2,1
43,1,0,110,211,0,1,161,0,0,2,0,3,1
39.1176,1,0,118,219,0,1,140,0,1.2,1,0,3,0
63.0977,0,0,108,269,0,1,169,1,1.8,1,2,2,0
52.0978,1,1,128,205,1,1,184,0,0,2,0,2,1
44.0979,1,0,110,197,0,0,177,0,0,2,1,2,0
45.098,1,0,142,309,0,0,147,1,0,1,3,3,0
57.0981,1,0,140,192,0,1,148,0,0.4,1,0,1,1
39.1582,1,0,118,219,0,1,140,0,1.2,1,0,3,0
67.0983,0,0,106,223,0,1,142,0,0.3,2,2,2,1
64.0984,1,0,128,263,0,1,105,1,0.2,1,1,3,1
59.0985,1,0,135,234,0,1,161,0,0.5,1,0,3,1
62.0986,1,2,130,231,0,1,146,0,1.8,1,3,3,1
55.0987,0,0,180,327,0,2,117,1,3.4,1,0,2,0
57.0988,1,1,154,232,0,0,164,0,0,2,1,2,0
60.0989,1,0,140,293,0,0,170,0,1.2,1,2,3,0
71.099,0,1,160,302,0,1,162,0,0.4,2,2,2,1
48.0991,1,0,122,222,0,0,186,0,0,2,0,2,
56.0992,1,1,120,236,0,1,178,0,0.8,2,0,2,1
60.0993,1,0,117,230,1,1,160,1,1.4,2,2,3,0
50.0994,0,0,110,254,0,0,159,0,0,2,0,2,1
43.0995,1,0,132,247,1,0,143,1,0.1,1,4,3,0
59.0996,1,0,110,239,0,0,142,1,1.2,1,1,3,0
44.0997,1,1,120,263,0,1,173,0,0,2,0,3,1
56.0998,0,0,134,409,0,0,150,1,1.9,1,2,3,0
54.0999,1,0,120,188,0,1,113,0,1.4,1,1,3,0
42.1,1,0,136,315,0,1,125,1,1.8,1,0,1,0
67.1001,1,0,125,254,1,1,163,0,0.2,1,2,3,0
64.1002,1,0,145,212,0,0,132,0,2,1,2,1,0
42.1003,1,0,140,226,0,1,178,0,0,2,0,2,1
66.1004,1,0,112,212,0,0,132,1,0.1,2,1,2,0
52.1005,1,0,108,233,1,1,147,0,0.1,2,3,3,1
51.1006,0,2,140,308,0,0,142,0,1.5,2,1,2,1
55.1007,0,0,128,205,0,2,130,1,2,1,1,3,0
58.1008,1,2,140,211,1,0,165,0,0,2,0,2,1
56.1009,1,3,120,193,0,0,162,0,1.9,1,0,3,1
42.101,1,1,120,295,0,1,162,0,0,2,0,2,1
40.1011,1,0,152,223,0,1,181,0,0,2,0,3,0
51.1012,1,0,140,299,0,1,173,1,1.6,2,0,3,0
45.1013,1,1,128,308,0,0,170,0,0,2,0,2,1
48,1,1,110,229,0,1,168,0,1,0,0,3,0
58.1015,1,0,114,318,0,2,140,0,4.4,0,3,1,0
44.1016,0,2,108,141,0,1,175,0,0.6,1,0,2,1
58.1017,1,0,128,216,0,0,131,1,2.2,1,3,3,0
65.1018,1,3,138,282,1,0,174,0,1.4,1,1,2,0
53.1019,1,0,123,282,0,1,95,1,2,1,2,3,0
41.102,1,0,110,172,0,0,158,0,0,2,0,3,0
47.1021,1,0,112,204,0,1,143,0,0.1,2,0,2,1
59.1022,1,1,140,221,0,1,164,1,0,2,0,2,1
60.1023,1,0,125,258,0,0,141,1,2.8,1,1,3,0
47,1,0,110,275,0,0,118,1,1,1,1,2,0
50.1025,0,0,110,254,0,0,159,0,0,2,0,2,1
54.1026,1,0,120,188,0,1,113,0,1.4,1,1,3,0
65.1027,0,2,155,269,0,1,148,0,0.8,2,0,2,1
